{"folders":[{"id":"M5WTUQOJPWF0C","name":"lang","description":"","children":[{"id":"M5WTVSA18K672","name":"js","description":"","children":[],"modificationTime":1736880631273,"tags":[],"password":"","passwordTips":""},{"id":"M5WTVO4SLEKD2","name":"rust","description":"","children":[],"modificationTime":1736880625900,"tags":[],"password":"","passwordTips":""},{"id":"M5WTVBAMMJ17O","name":"c++","description":"","children":[],"modificationTime":1736880609262,"tags":[],"password":"","passwordTips":""},{"id":"M5WTUWPKR4BOK","name":"java","description":"","children":[],"modificationTime":1736880590360,"tags":[],"password":"","passwordTips":""},{"id":"M5WTUTH8B5ZHB","name":"python","description":"","children":[{"id":"M5WTUZ0LNURXX","name":"click","description":"","children":[],"modificationTime":1736880593349,"tags":[],"password":"","passwordTips":""}],"modificationTime":1736880586172,"tags":[],"password":"","passwordTips":""}],"modificationTime":1736880582547,"tags":[],"password":"","passwordTips":""},{"id":"M5XJ3NA6VPZ2I","name":"SPECIAL","description":"","children":[{"id":"M5XJHRZ9BOO4M","name":"algorithm","description":"","children":[],"modificationTime":1736923647717,"tags":[],"password":"","passwordTips":""}],"modificationTime":1736922988446,"tags":[],"password":"","passwordTips":""}],"smartFolders":[],"quickAccess":[],"tagsGroups":[],"modificationTime":1736923650541,"applicationVersion":"4.0.0"}